{"cameraMode":{"drawMode":0,"name":"Shaded","section":"Shading Mode"},"sceneLighting":true,"audioPlay":false,"sceneViewState":{"showFog":true,"showMaterialUpdate":false,"showSkybox":true,"showFlares":true,"showImageEffects":true,"showParticleSystems":true},"in2DMode":false,"pivot":{"x":4.7973175048828129,"y":2.578826427459717,"z":-0.07627201080322266},"rotation":{"x":-0.05436889827251434,"y":0.9454799294471741,"z":-0.2181984931230545,"w":-0.23558712005615235},"size":22.406919479370118,"orthographic":false}