{"cameraMode":{"drawMode":0,"name":"Shaded","section":"Shading Mode"},"sceneLighting":true,"audioPlay":false,"sceneViewState":{"showFog":true,"showMaterialUpdate":false,"showSkybox":true,"showFlares":true,"showImageEffects":true,"showParticleSystems":true},"in2DMode":false,"pivot":{"x":4.158409118652344,"y":-10.67827033996582,"z":-4.402317047119141},"rotation":{"x":0.34067675471305849,"y":0.644483208656311,"z":-0.3905484080314636,"w":0.5621857047080994},"size":31.868152618408204,"orthographic":false}